id,kode_provinsi,nama_provinsi,kode_kabupaten_kota,nama_kabupaten_kota,produksi_mangga,satuan,tahun,titik_longitude,titik_latitude
1,32,JAWA BARAT,3201,KABUPATEN BOGOR,29405,KUINTAL,2013,106.943229,-6.419667
2,32,JAWA BARAT,3202,KABUPATEN SUKABUMI,73571,KUINTAL,2013,106.726667,-6.924444
3,32,JAWA BARAT,3203,KABUPATEN CIANJUR,94258,KUINTAL,2013,107.133884,-6.808453
4,32,JAWA BARAT,3204,KABUPATEN BANDUNG,42848,KUINTAL,2013,107.619125,-7.000834
5,32,JAWA BARAT,3205,KABUPATEN GARUT,112840,KUINTAL,2013,107.960833,-7.2275
6,32,JAWA BARAT,3206,KABUPATEN TASIKMALAYA,25155,KUINTAL,2013,108.201483,-7.3506
7,32,JAWA BARAT,3207,KABUPATEN CIAMIS,38747,KUINTAL,2013,108.351623,-7.340407
8,32,JAWA BARAT,3208,KABUPATEN KUNINGAN,324062,KUINTAL,2013,108.454429,-7.028047
9,32,JAWA BARAT,3209,KABUPATEN CIREBON,309481,KUINTAL,2013,108.69838,-6.909986
10,32,JAWA BARAT,3210,KABUPATEN MAJALENGKA,102427,KUINTAL,2013,108.188,-7.048993
11,32,JAWA BARAT,3211,KABUPATEN SUMEDANG,236069,KUINTAL,2013,108.220833,-6.8425
12,32,JAWA BARAT,3212,KABUPATEN INDRAMAYU,847878,KUINTAL,2013,107.949444,-6.477028
13,32,JAWA BARAT,3213,KABUPATEN SUBANG,801066,KUINTAL,2013,107.636211,-6.293275
14,32,JAWA BARAT,3214,KABUPATEN PURWAKARTA,17737,KUINTAL,2013,107.446042,-6.573098
15,32,JAWA BARAT,3215,KABUPATEN KARAWANG,123699,KUINTAL,2013,107.1419,-6.289
16,32,JAWA BARAT,3216,KABUPATEN BEKASI,39819,KUINTAL,2013,106.97803,-6.14038
17,32,JAWA BARAT,3217,KABUPATEN BANDUNG BARAT,9691,KUINTAL,2013,107.544358,-6.828014
18,32,JAWA BARAT,3218,KABUPATEN PANGANDARAN,0,KUINTAL,2013,108.5119,-7.613053
19,32,JAWA BARAT,3271,KOTA BOGOR,5246,KUINTAL,2013,106.79324,-6.5964
20,32,JAWA BARAT,3272,KOTA SUKABUMI,949,KUINTAL,2013,106.92724,-6.91897
21,32,JAWA BARAT,3273,KOTA BANDUNG,997,KUINTAL,2013,107.619123,-6.917464
22,32,JAWA BARAT,3274,KOTA CIREBON,3932,KUINTAL,2013,108.552316,-6.732024
23,32,JAWA BARAT,3275,KOTA BEKASI,8539,KUINTAL,2013,106.9896,-6.234897
24,32,JAWA BARAT,3276,KOTA DEPOK,6213,KUINTAL,2013,106.828304,-6.402484
25,32,JAWA BARAT,3277,KOTA CIMAHI,900,KUINTAL,2013,107.541899,-6.87202
26,32,JAWA BARAT,3278,KOTA TASIKMALAYA,4445,KUINTAL,2013,108.2202,-7.3274
27,32,JAWA BARAT,3279,KOTA BANJAR,10727,KUINTAL,2013,108.543615,-7.377383
28,32,JAWA BARAT,3201,KABUPATEN BOGOR,22863,KUINTAL,2014,106.943229,-6.419667
29,32,JAWA BARAT,3202,KABUPATEN SUKABUMI,123735,KUINTAL,2014,106.726667,-6.924444
30,32,JAWA BARAT,3203,KABUPATEN CIANJUR,121065,KUINTAL,2014,107.133884,-6.808453
31,32,JAWA BARAT,3204,KABUPATEN BANDUNG,51523,KUINTAL,2014,107.619125,-7.000834
32,32,JAWA BARAT,3205,KABUPATEN GARUT,75658,KUINTAL,2014,107.960833,-7.2275
33,32,JAWA BARAT,3206,KABUPATEN TASIKMALAYA,28701,KUINTAL,2014,108.201483,-7.3506
34,32,JAWA BARAT,3207,KABUPATEN CIAMIS,37833,KUINTAL,2014,108.351623,-7.340407
35,32,JAWA BARAT,3208,KABUPATEN KUNINGAN,233286,KUINTAL,2014,108.454429,-7.028047
36,32,JAWA BARAT,3209,KABUPATEN CIREBON,516607,KUINTAL,2014,108.69838,-6.909986
37,32,JAWA BARAT,3210,KABUPATEN MAJALENGKA,571725,KUINTAL,2014,108.188,-7.048993
38,32,JAWA BARAT,3211,KABUPATEN SUMEDANG,206326,KUINTAL,2014,108.220833,-6.8425
39,32,JAWA BARAT,3212,KABUPATEN INDRAMAYU,724359,KUINTAL,2014,107.949444,-6.477028
40,32,JAWA BARAT,3213,KABUPATEN SUBANG,172113,KUINTAL,2014,107.636211,-6.293275
41,32,JAWA BARAT,3214,KABUPATEN PURWAKARTA,35697,KUINTAL,2014,107.446042,-6.573098
42,32,JAWA BARAT,3215,KABUPATEN KARAWANG,188261,KUINTAL,2014,107.1419,-6.289
43,32,JAWA BARAT,3216,KABUPATEN BEKASI,26677,KUINTAL,2014,106.97803,-6.14038
44,32,JAWA BARAT,3217,KABUPATEN BANDUNG BARAT,27373,KUINTAL,2014,107.544358,-6.828014
45,32,JAWA BARAT,3218,KABUPATEN PANGANDARAN,16669,KUINTAL,2014,108.5119,-7.613053
46,32,JAWA BARAT,3271,KOTA BOGOR,4260,KUINTAL,2014,106.79324,-6.5964
47,32,JAWA BARAT,3272,KOTA SUKABUMI,677,KUINTAL,2014,106.92724,-6.91897
48,32,JAWA BARAT,3273,KOTA BANDUNG,1593,KUINTAL,2014,107.619123,-6.917464
49,32,JAWA BARAT,3274,KOTA CIREBON,3509,KUINTAL,2014,108.552316,-6.732024
50,32,JAWA BARAT,3275,KOTA BEKASI,9129,KUINTAL,2014,106.9896,-6.234897
51,32,JAWA BARAT,3276,KOTA DEPOK,2745,KUINTAL,2014,106.828304,-6.402484
52,32,JAWA BARAT,3277,KOTA CIMAHI,660,KUINTAL,2014,107.541899,-6.87202
53,32,JAWA BARAT,3278,KOTA TASIKMALAYA,3066,KUINTAL,2014,108.2202,-7.3274
54,32,JAWA BARAT,3279,KOTA BANJAR,8708,KUINTAL,2014,108.543615,-7.377383
55,32,JAWA BARAT,3201,KABUPATEN BOGOR,20173,KUINTAL,2015,106.943229,-6.419667
56,32,JAWA BARAT,3202,KABUPATEN SUKABUMI,116623,KUINTAL,2015,106.726667,-6.924444
57,32,JAWA BARAT,3203,KABUPATEN CIANJUR,86305,KUINTAL,2015,107.133884,-6.808453
58,32,JAWA BARAT,3204,KABUPATEN BANDUNG,27217,KUINTAL,2015,107.619125,-7.000834
59,32,JAWA BARAT,3205,KABUPATEN GARUT,159015,KUINTAL,2015,107.960833,-7.2275
60,32,JAWA BARAT,3206,KABUPATEN TASIKMALAYA,35218,KUINTAL,2015,108.201483,-7.3506
61,32,JAWA BARAT,3207,KABUPATEN CIAMIS,25151,KUINTAL,2015,108.351623,-7.340407
62,32,JAWA BARAT,3208,KABUPATEN KUNINGAN,321089,KUINTAL,2015,108.454429,-7.028047
63,32,JAWA BARAT,3209,KABUPATEN CIREBON,374433,KUINTAL,2015,108.69838,-6.909986
64,32,JAWA BARAT,3210,KABUPATEN MAJALENGKA,643949,KUINTAL,2015,108.188,-7.048993
65,32,JAWA BARAT,3211,KABUPATEN SUMEDANG,234910,KUINTAL,2015,108.220833,-6.8425
66,32,JAWA BARAT,3212,KABUPATEN INDRAMAYU,687370,KUINTAL,2015,107.949444,-6.477028
67,32,JAWA BARAT,3213,KABUPATEN SUBANG,83099,KUINTAL,2015,107.636211,-6.293275
68,32,JAWA BARAT,3214,KABUPATEN PURWAKARTA,70588,KUINTAL,2015,107.446042,-6.573098
69,32,JAWA BARAT,3215,KABUPATEN KARAWANG,136161,KUINTAL,2015,107.1419,-6.289
70,32,JAWA BARAT,3216,KABUPATEN BEKASI,5726,KUINTAL,2015,106.97803,-6.14038
71,32,JAWA BARAT,3217,KABUPATEN BANDUNG BARAT,20072,KUINTAL,2015,107.544358,-6.828014
72,32,JAWA BARAT,3218,KABUPATEN PANGANDARAN,14079,KUINTAL,2015,108.5119,-7.613053
73,32,JAWA BARAT,3271,KOTA BOGOR,9944,KUINTAL,2015,106.79324,-6.5964
74,32,JAWA BARAT,3272,KOTA SUKABUMI,465,KUINTAL,2015,106.92724,-6.91897
75,32,JAWA BARAT,3273,KOTA BANDUNG,1087,KUINTAL,2015,107.619123,-6.917464
76,32,JAWA BARAT,3274,KOTA CIREBON,3241,KUINTAL,2015,108.552316,-6.732024
77,32,JAWA BARAT,3275,KOTA BEKASI,18741,KUINTAL,2015,106.9896,-6.234897
78,32,JAWA BARAT,3276,KOTA DEPOK,906,KUINTAL,2015,106.828304,-6.402484
79,32,JAWA BARAT,3277,KOTA CIMAHI,177,KUINTAL,2015,107.541899,-6.87202
80,32,JAWA BARAT,3278,KOTA TASIKMALAYA,3426,KUINTAL,2015,108.2202,-7.3274
81,32,JAWA BARAT,3279,KOTA BANJAR,3090,KUINTAL,2015,108.543615,-7.377383
82,32,JAWA BARAT,3201,KABUPATEN BOGOR,10798,KUINTAL,2016,106.943229,-6.419667
83,32,JAWA BARAT,3202,KABUPATEN SUKABUMI,62789,KUINTAL,2016,106.726667,-6.924444
84,32,JAWA BARAT,3203,KABUPATEN CIANJUR,84780,KUINTAL,2016,107.133884,-6.808453
85,32,JAWA BARAT,3204,KABUPATEN BANDUNG,19535,KUINTAL,2016,107.619125,-7.000834
86,32,JAWA BARAT,3205,KABUPATEN GARUT,92443,KUINTAL,2016,107.960833,-7.2275
87,32,JAWA BARAT,3206,KABUPATEN TASIKMALAYA,12610,KUINTAL,2016,108.201483,-7.3506
88,32,JAWA BARAT,3207,KABUPATEN CIAMIS,19356,KUINTAL,2016,108.351623,-7.340407
89,32,JAWA BARAT,3208,KABUPATEN KUNINGAN,129195,KUINTAL,2016,108.454429,-7.028047
90,32,JAWA BARAT,3209,KABUPATEN CIREBON,310862,KUINTAL,2016,108.69838,-6.909986
91,32,JAWA BARAT,3210,KABUPATEN MAJALENGKA,375293,KUINTAL,2016,108.188,-7.048993
92,32,JAWA BARAT,3211,KABUPATEN SUMEDANG,234025,KUINTAL,2016,108.220833,-6.8425
93,32,JAWA BARAT,3212,KABUPATEN INDRAMAYU,906435,KUINTAL,2016,107.949444,-6.477028
94,32,JAWA BARAT,3213,KABUPATEN SUBANG,71905,KUINTAL,2016,107.636211,-6.293275
95,32,JAWA BARAT,3214,KABUPATEN PURWAKARTA,20380,KUINTAL,2016,107.446042,-6.573098
96,32,JAWA BARAT,3215,KABUPATEN KARAWANG,195269,KUINTAL,2016,107.1419,-6.289
97,32,JAWA BARAT,3216,KABUPATEN BEKASI,7171,KUINTAL,2016,106.97803,-6.14038
98,32,JAWA BARAT,3217,KABUPATEN BANDUNG BARAT,16858,KUINTAL,2016,107.544358,-6.828014
99,32,JAWA BARAT,3218,KABUPATEN PANGANDARAN,4699,KUINTAL,2016,108.5119,-7.613053
100,32,JAWA BARAT,3271,KOTA BOGOR,8222,KUINTAL,2016,106.79324,-6.5964
101,32,JAWA BARAT,3272,KOTA SUKABUMI,283,KUINTAL,2016,106.92724,-6.91897
102,32,JAWA BARAT,3273,KOTA BANDUNG,126,KUINTAL,2016,107.619123,-6.917464
103,32,JAWA BARAT,3274,KOTA CIREBON,6962,KUINTAL,2016,108.552316,-6.732024
104,32,JAWA BARAT,3275,KOTA BEKASI,8550,KUINTAL,2016,106.9896,-6.234897
105,32,JAWA BARAT,3276,KOTA DEPOK,793,KUINTAL,2016,106.828304,-6.402484
106,32,JAWA BARAT,3277,KOTA CIMAHI,74,KUINTAL,2016,107.541899,-6.87202
107,32,JAWA BARAT,3278,KOTA TASIKMALAYA,1000,KUINTAL,2016,108.2202,-7.3274
108,32,JAWA BARAT,3279,KOTA BANJAR,651,KUINTAL,2016,108.543615,-7.377383
109,32,JAWA BARAT,3201,KABUPATEN BOGOR,28497,KUINTAL,2017,106.943229,-6.419667
110,32,JAWA BARAT,3202,KABUPATEN SUKABUMI,96090,KUINTAL,2017,106.726667,-6.924444
111,32,JAWA BARAT,3203,KABUPATEN CIANJUR,156568,KUINTAL,2017,107.133884,-6.808453
112,32,JAWA BARAT,3204,KABUPATEN BANDUNG,45407,KUINTAL,2017,107.619125,-7.000834
113,32,JAWA BARAT,3205,KABUPATEN GARUT,123301,KUINTAL,2017,107.960833,-7.2275
114,32,JAWA BARAT,3206,KABUPATEN TASIKMALAYA,19683,KUINTAL,2017,108.201483,-7.3506
115,32,JAWA BARAT,3207,KABUPATEN CIAMIS,14202,KUINTAL,2017,108.351623,-7.340407
116,32,JAWA BARAT,3208,KABUPATEN KUNINGAN,298218,KUINTAL,2017,108.454429,-7.028047
117,32,JAWA BARAT,3209,KABUPATEN CIREBON,391522,KUINTAL,2017,108.69838,-6.909986
118,32,JAWA BARAT,3210,KABUPATEN MAJALENGKA,600638,KUINTAL,2017,108.188,-7.048993
119,32,JAWA BARAT,3211,KABUPATEN SUMEDANG,283845,KUINTAL,2017,108.220833,-6.8425
120,32,JAWA BARAT,3212,KABUPATEN INDRAMAYU,774736,KUINTAL,2017,107.949444,-6.477028
121,32,JAWA BARAT,3213,KABUPATEN SUBANG,95475,KUINTAL,2017,107.636211,-6.293275
122,32,JAWA BARAT,3214,KABUPATEN PURWAKARTA,32063,KUINTAL,2017,107.446042,-6.573098
123,32,JAWA BARAT,3215,KABUPATEN KARAWANG,211346,KUINTAL,2017,107.1419,-6.289
124,32,JAWA BARAT,3216,KABUPATEN BEKASI,27440,KUINTAL,2017,106.97803,-6.14038
125,32,JAWA BARAT,3217,KABUPATEN BANDUNG BARAT,15118,KUINTAL,2017,107.544358,-6.828014
126,32,JAWA BARAT,3218,KABUPATEN PANGANDARAN,334,KUINTAL,2017,108.5119,-7.613053
127,32,JAWA BARAT,3271,KOTA BOGOR,11153,KUINTAL,2017,106.79324,-6.5964
128,32,JAWA BARAT,3272,KOTA SUKABUMI,185,KUINTAL,2017,106.92724,-6.91897
129,32,JAWA BARAT,3273,KOTA BANDUNG,85,KUINTAL,2017,107.619123,-6.917464
130,32,JAWA BARAT,3274,KOTA CIREBON,4618,KUINTAL,2017,108.552316,-6.732024
131,32,JAWA BARAT,3275,KOTA BEKASI,13204,KUINTAL,2017,106.9896,-6.234897
132,32,JAWA BARAT,3276,KOTA DEPOK,1529,KUINTAL,2017,106.828304,-6.402484
133,32,JAWA BARAT,3277,KOTA CIMAHI,39,KUINTAL,2017,107.541899,-6.87202
134,32,JAWA BARAT,3278,KOTA TASIKMALAYA,3798,KUINTAL,2017,108.2202,-7.3274
135,32,JAWA BARAT,3279,KOTA BANJAR,5478,KUINTAL,2017,108.543615,-7.377383
136,32,JAWA BARAT,3201,KABUPATEN BOGOR,35936,KUINTAL,2018,106.943229,-6.419667
137,32,JAWA BARAT,3202,KABUPATEN SUKABUMI,99003,KUINTAL,2018,106.726667,-6.924444
138,32,JAWA BARAT,3203,KABUPATEN CIANJUR,107210,KUINTAL,2018,107.133884,-6.808453
139,32,JAWA BARAT,3204,KABUPATEN BANDUNG,67585,KUINTAL,2018,107.619125,-7.000834
140,32,JAWA BARAT,3205,KABUPATEN GARUT,111336,KUINTAL,2018,107.960833,-7.2275
141,32,JAWA BARAT,3206,KABUPATEN TASIKMALAYA,32390,KUINTAL,2018,108.201483,-7.3506
142,32,JAWA BARAT,3207,KABUPATEN CIAMIS,57851,KUINTAL,2018,108.351623,-7.340407
143,32,JAWA BARAT,3208,KABUPATEN KUNINGAN,348506,KUINTAL,2018,108.454429,-7.028047
144,32,JAWA BARAT,3209,KABUPATEN CIREBON,554767,KUINTAL,2018,108.69838,-6.909986
145,32,JAWA BARAT,3210,KABUPATEN MAJALENGKA,447567,KUINTAL,2018,108.188,-7.048993
146,32,JAWA BARAT,3211,KABUPATEN SUMEDANG,735821,KUINTAL,2018,108.220833,-6.8425
147,32,JAWA BARAT,3212,KABUPATEN INDRAMAYU,941147,KUINTAL,2018,107.949444,-6.477028
148,32,JAWA BARAT,3213,KABUPATEN SUBANG,199703,KUINTAL,2018,107.636211,-6.293275
149,32,JAWA BARAT,3214,KABUPATEN PURWAKARTA,30268,KUINTAL,2018,107.446042,-6.573098
150,32,JAWA BARAT,3215,KABUPATEN KARAWANG,146163,KUINTAL,2018,107.1419,-6.289
151,32,JAWA BARAT,3216,KABUPATEN BEKASI,20580,KUINTAL,2018,106.97803,-6.14038
152,32,JAWA BARAT,3217,KABUPATEN BANDUNG BARAT,14238,KUINTAL,2018,107.544358,-6.828014
153,32,JAWA BARAT,3218,KABUPATEN PANGANDARAN,10059,KUINTAL,2018,108.5119,-7.613053
154,32,JAWA BARAT,3271,KOTA BOGOR,11412,KUINTAL,2018,106.79324,-6.5964
155,32,JAWA BARAT,3272,KOTA SUKABUMI,122,KUINTAL,2018,106.92724,-6.91897
156,32,JAWA BARAT,3273,KOTA BANDUNG,174,KUINTAL,2018,107.619123,-6.917464
157,32,JAWA BARAT,3274,KOTA CIREBON,52563,KUINTAL,2018,108.552316,-6.732024
158,32,JAWA BARAT,3275,KOTA BEKASI,8198,KUINTAL,2018,106.9896,-6.234897
159,32,JAWA BARAT,3276,KOTA DEPOK,3002,KUINTAL,2018,106.828304,-6.402484
160,32,JAWA BARAT,3277,KOTA CIMAHI,105,KUINTAL,2018,107.541899,-6.87202
161,32,JAWA BARAT,3278,KOTA TASIKMALAYA,4478,KUINTAL,2018,108.2202,-7.3274
162,32,JAWA BARAT,3279,KOTA BANJAR,5237,KUINTAL,2018,108.543615,-7.377383
163,32,JAWA BARAT,3201,KABUPATEN BOGOR,51613,KUINTAL,2019,106.943229,-6.419667
164,32,JAWA BARAT,3202,KABUPATEN SUKABUMI,95076,KUINTAL,2019,106.726667,-6.924444
165,32,JAWA BARAT,3203,KABUPATEN CIANJUR,224479,KUINTAL,2019,107.133884,-6.808453
166,32,JAWA BARAT,3204,KABUPATEN BANDUNG,122602,KUINTAL,2019,107.619125,-7.000834
167,32,JAWA BARAT,3205,KABUPATEN GARUT,171160,KUINTAL,2019,107.960833,-7.2275
168,32,JAWA BARAT,3206,KABUPATEN TASIKMALAYA,55071,KUINTAL,2019,108.201483,-7.3506
169,32,JAWA BARAT,3207,KABUPATEN CIAMIS,98778,KUINTAL,2019,108.351623,-7.340407
170,32,JAWA BARAT,3208,KABUPATEN KUNINGAN,302941,KUINTAL,2019,108.454429,-7.028047
171,32,JAWA BARAT,3209,KABUPATEN CIREBON,467971,KUINTAL,2019,108.69838,-6.909986
172,32,JAWA BARAT,3210,KABUPATEN MAJALENGKA,548872,KUINTAL,2019,108.188,-7.048993
173,32,JAWA BARAT,3211,KABUPATEN SUMEDANG,755536,KUINTAL,2019,108.220833,-6.8425
174,32,JAWA BARAT,3212,KABUPATEN INDRAMAYU,753425,KUINTAL,2019,107.949444,-6.477028
175,32,JAWA BARAT,3213,KABUPATEN SUBANG,203427,KUINTAL,2019,107.636211,-6.293275
176,32,JAWA BARAT,3214,KABUPATEN PURWAKARTA,39458,KUINTAL,2019,107.446042,-6.573098
177,32,JAWA BARAT,3215,KABUPATEN KARAWANG,122928,KUINTAL,2019,107.1419,-6.289
178,32,JAWA BARAT,3216,KABUPATEN BEKASI,64716,KUINTAL,2019,106.97803,-6.14038
179,32,JAWA BARAT,3217,KABUPATEN BANDUNG BARAT,25536,KUINTAL,2019,107.544358,-6.828014
180,32,JAWA BARAT,3218,KABUPATEN PANGANDARAN,12291,KUINTAL,2019,108.5119,-7.613053
181,32,JAWA BARAT,3271,KOTA BOGOR,10902,KUINTAL,2019,106.79324,-6.5964
182,32,JAWA BARAT,3272,KOTA SUKABUMI,41,KUINTAL,2019,106.92724,-6.91897
183,32,JAWA BARAT,3273,KOTA BANDUNG,1120,KUINTAL,2019,107.619123,-6.917464
184,32,JAWA BARAT,3274,KOTA CIREBON,16706,KUINTAL,2019,108.552316,-6.732024
185,32,JAWA BARAT,3275,KOTA BEKASI,11112,KUINTAL,2019,106.9896,-6.234897
186,32,JAWA BARAT,3276,KOTA DEPOK,2219,KUINTAL,2019,106.828304,-6.402484
187,32,JAWA BARAT,3277,KOTA CIMAHI,49,KUINTAL,2019,107.541899,-6.87202
188,32,JAWA BARAT,3278,KOTA TASIKMALAYA,13006,KUINTAL,2019,108.2202,-7.3274
189,32,JAWA BARAT,3279,KOTA BANJAR,14182,KUINTAL,2019,108.543615,-7.377383
190,32,JAWA BARAT,3201,KABUPATEN BOGOR,43641,KUINTAL,2020,106.943229,-6.419667
191,32,JAWA BARAT,3202,KABUPATEN SUKABUMI,89755,KUINTAL,2020,106.726667,-6.924444
192,32,JAWA BARAT,3203,KABUPATEN CIANJUR,149680,KUINTAL,2020,107.133884,-6.808453
193,32,JAWA BARAT,3204,KABUPATEN BANDUNG,84429,KUINTAL,2020,107.619125,-7.000834
194,32,JAWA BARAT,3205,KABUPATEN GARUT,93487,KUINTAL,2020,107.960833,-7.2275
195,32,JAWA BARAT,3206,KABUPATEN TASIKMALAYA,24454,KUINTAL,2020,108.201483,-7.3506
196,32,JAWA BARAT,3207,KABUPATEN CIAMIS,34192,KUINTAL,2020,108.351623,-7.340407
197,32,JAWA BARAT,3208,KABUPATEN KUNINGAN,246464,KUINTAL,2020,108.454429,-7.028047
198,32,JAWA BARAT,3209,KABUPATEN CIREBON,536250,KUINTAL,2020,108.69838,-6.909986
199,32,JAWA BARAT,3210,KABUPATEN MAJALENGKA,522106,KUINTAL,2020,108.188,-7.048993
200,32,JAWA BARAT,3211,KABUPATEN SUMEDANG,656450,KUINTAL,2020,108.220833,-6.8425
201,32,JAWA BARAT,3212,KABUPATEN INDRAMAYU,1265402,KUINTAL,2020,107.949444,-6.477028
202,32,JAWA BARAT,3213,KABUPATEN SUBANG,329335,KUINTAL,2020,107.636211,-6.293275
203,32,JAWA BARAT,3214,KABUPATEN PURWAKARTA,33110,KUINTAL,2020,107.446042,-6.573098
204,32,JAWA BARAT,3215,KABUPATEN KARAWANG,124176,KUINTAL,2020,107.1419,-6.289
205,32,JAWA BARAT,3216,KABUPATEN BEKASI,81131,KUINTAL,2020,106.97803,-6.14038
206,32,JAWA BARAT,3217,KABUPATEN BANDUNG BARAT,21173,KUINTAL,2020,107.544358,-6.828014
207,32,JAWA BARAT,3218,KABUPATEN PANGANDARAN,3996,KUINTAL,2020,108.5119,-7.613053
208,32,JAWA BARAT,3271,KOTA BOGOR,4772,KUINTAL,2020,106.79324,-6.5964
209,32,JAWA BARAT,3272,KOTA SUKABUMI,0,KUINTAL,2020,106.92724,-6.91897
210,32,JAWA BARAT,3273,KOTA BANDUNG,330,KUINTAL,2020,107.619123,-6.917464
211,32,JAWA BARAT,3274,KOTA CIREBON,40640,KUINTAL,2020,108.552316,-6.732024
212,32,JAWA BARAT,3275,KOTA BEKASI,18853,KUINTAL,2020,106.9896,-6.234897
213,32,JAWA BARAT,3276,KOTA DEPOK,1558,KUINTAL,2020,106.828304,-6.402484
214,32,JAWA BARAT,3277,KOTA CIMAHI,128,KUINTAL,2020,107.541899,-6.87202
215,32,JAWA BARAT,3278,KOTA TASIKMALAYA,8117,KUINTAL,2020,108.2202,-7.3274
216,32,JAWA BARAT,3279,KOTA BANJAR,12240,KUINTAL,2020,108.543615,-7.377383
217,32,JAWA BARAT,3201,KABUPATEN BOGOR,47471,KUINTAL,2021,106.943229,-6.419667
218,32,JAWA BARAT,3202,KABUPATEN SUKABUMI,47138,KUINTAL,2021,106.726667,-6.924444
219,32,JAWA BARAT,3203,KABUPATEN CIANJUR,253601,KUINTAL,2021,107.133884,-6.808453
220,32,JAWA BARAT,3204,KABUPATEN BANDUNG,23817,KUINTAL,2021,107.619125,-7.000834
221,32,JAWA BARAT,3205,KABUPATEN GARUT,126179,KUINTAL,2021,107.960833,-7.2275
222,32,JAWA BARAT,3206,KABUPATEN TASIKMALAYA,39024,KUINTAL,2021,108.201483,-7.3506
223,32,JAWA BARAT,3207,KABUPATEN CIAMIS,55395,KUINTAL,2021,108.351623,-7.340407
224,32,JAWA BARAT,3208,KABUPATEN KUNINGAN,217734,KUINTAL,2021,108.454429,-7.028047
225,32,JAWA BARAT,3209,KABUPATEN CIREBON,494262,KUINTAL,2021,108.69838,-6.909986
226,32,JAWA BARAT,3210,KABUPATEN MAJALENGKA,652889,KUINTAL,2021,108.188,-7.048993
227,32,JAWA BARAT,3211,KABUPATEN SUMEDANG,672531,KUINTAL,2021,108.220833,-6.8425
228,32,JAWA BARAT,3212,KABUPATEN INDRAMAYU,933979,KUINTAL,2021,107.949444,-6.477028
229,32,JAWA BARAT,3213,KABUPATEN SUBANG,497296,KUINTAL,2021,107.636211,-6.293275
230,32,JAWA BARAT,3214,KABUPATEN PURWAKARTA,25846,KUINTAL,2021,107.446042,-6.573098
231,32,JAWA BARAT,3215,KABUPATEN KARAWANG,104921,KUINTAL,2021,107.1419,-6.289
232,32,JAWA BARAT,3216,KABUPATEN BEKASI,153691,KUINTAL,2021,106.97803,-6.14038
233,32,JAWA BARAT,3217,KABUPATEN BANDUNG BARAT,32693,KUINTAL,2021,107.544358,-6.828014
234,32,JAWA BARAT,3218,KABUPATEN PANGANDARAN,279,KUINTAL,2021,108.5119,-7.613053
235,32,JAWA BARAT,3271,KOTA BOGOR,3979,KUINTAL,2021,106.79324,-6.5964
236,32,JAWA BARAT,3272,KOTA SUKABUMI,0,KUINTAL,2021,106.92724,-6.91897
237,32,JAWA BARAT,3273,KOTA BANDUNG,50,KUINTAL,2021,107.619123,-6.917464
238,32,JAWA BARAT,3274,KOTA CIREBON,3783,KUINTAL,2021,108.552316,-6.732024
239,32,JAWA BARAT,3275,KOTA BEKASI,19498,KUINTAL,2021,106.9896,-6.234897
240,32,JAWA BARAT,3276,KOTA DEPOK,1661,KUINTAL,2021,106.828304,-6.402484
241,32,JAWA BARAT,3277,KOTA CIMAHI,200,KUINTAL,2021,107.541899,-6.87202
242,32,JAWA BARAT,3278,KOTA TASIKMALAYA,4932,KUINTAL,2021,108.2202,-7.3274
243,32,JAWA BARAT,3279,KOTA BANJAR,27878,KUINTAL,2021,108.543615,-7.377383
244,32,JAWA BARAT,3201,KABUPATEN BOGOR,26693,KUINTAL,2022,106.943229,-6.419667
245,32,JAWA BARAT,3202,KABUPATEN SUKABUMI,19352,KUINTAL,2022,106.726667,-6.924444
246,32,JAWA BARAT,3203,KABUPATEN CIANJUR,444851,KUINTAL,2022,107.133884,-6.808453
247,32,JAWA BARAT,3204,KABUPATEN BANDUNG,88396,KUINTAL,2022,107.619125,-7.000834
248,32,JAWA BARAT,3205,KABUPATEN GARUT,192273,KUINTAL,2022,107.960833,-7.2275
249,32,JAWA BARAT,3206,KABUPATEN TASIKMALAYA,31006,KUINTAL,2022,108.201483,-7.3506
250,32,JAWA BARAT,3207,KABUPATEN CIAMIS,69239,KUINTAL,2022,108.351623,-7.340407
251,32,JAWA BARAT,3208,KABUPATEN KUNINGAN,238909,KUINTAL,2022,108.454429,-7.028047
252,32,JAWA BARAT,3209,KABUPATEN CIREBON,433515,KUINTAL,2022,108.69838,-6.909986
253,32,JAWA BARAT,3210,KABUPATEN MAJALENGKA,284629,KUINTAL,2022,108.188,-7.048993
254,32,JAWA BARAT,3211,KABUPATEN SUMEDANG,615143,KUINTAL,2022,108.220833,-6.8425
255,32,JAWA BARAT,3212,KABUPATEN INDRAMAYU,1556682,KUINTAL,2022,107.949444,-6.477028
256,32,JAWA BARAT,3213,KABUPATEN SUBANG,187639,KUINTAL,2022,107.636211,-6.293275
257,32,JAWA BARAT,3214,KABUPATEN PURWAKARTA,27643,KUINTAL,2022,107.446042,-6.573098
258,32,JAWA BARAT,3215,KABUPATEN KARAWANG,74780,KUINTAL,2022,107.1419,-6.289
259,32,JAWA BARAT,3216,KABUPATEN BEKASI,114145,KUINTAL,2022,106.97803,-6.14038
260,32,JAWA BARAT,3217,KABUPATEN BANDUNG BARAT,55169,KUINTAL,2022,107.544358,-6.828014
261,32,JAWA BARAT,3218,KABUPATEN PANGANDARAN,78,KUINTAL,2022,108.5119,-7.613053
262,32,JAWA BARAT,3271,KOTA BOGOR,1050,KUINTAL,2022,106.79324,-6.5964
263,32,JAWA BARAT,3272,KOTA SUKABUMI,0,KUINTAL,2022,106.92724,-6.91897
264,32,JAWA BARAT,3273,KOTA BANDUNG,28,KUINTAL,2022,107.619123,-6.917464
265,32,JAWA BARAT,3274,KOTA CIREBON,703,KUINTAL,2022,108.552316,-6.732024
266,32,JAWA BARAT,3275,KOTA BEKASI,30560,KUINTAL,2022,106.9896,-6.234897
267,32,JAWA BARAT,3276,KOTA DEPOK,1577,KUINTAL,2022,106.828304,-6.402484
268,32,JAWA BARAT,3277,KOTA CIMAHI,112,KUINTAL,2022,107.541899,-6.87202
269,32,JAWA BARAT,3278,KOTA TASIKMALAYA,918,KUINTAL,2022,108.2202,-7.3274
270,32,JAWA BARAT,3279,KOTA BANJAR,16655,KUINTAL,2022,108.543615,-7.377383
